Workbook

Sheet ChiNhanh
A1: MaChiNhanh | B1: ChiNhanh
A2: CN01 | B2: Hạ Long
A3: CN02 | B3: Hồng Bàng
A4: CN03 | B4: Hà Đông
A5: CN04 | B5: Hoàng Mai
A6: CN05 | B6: Thăng Long
A7: CN06 | B7: Thanh Xuân
A8: CN07 | B8: Vinh
A9: CN08 | B9: Nha Trang
A10: CN09 | B10: Quy Nhơn
A11: CN10 | B11: Đà Nẵng
A12: CN11 | B12: Buôn Ma Thuột
... A22: CN21 | B22: Long Xuyên

Sheet KhachHang
A1: MaKhachHang | B1: TenKhachHang | C1: DiaChi | D1: SDT
A2: 41746 | B2: Đinh Hữu Cương | C2: 40358 Mai Thảo Glens | D2: 04431055273
A3: 42858 | B3: Dương Huy Chiểu | C3: 653 Xuân Mai Hill | D3: 02225252029
A4: 89049 | B4: Phạm Tịnh Lâm | C4: 32696 Ngô Rapids | D4: 02846367955
A5: 14495 | B5: Phan Đắc Lộ | C5: 6393 Như Loan Court | D5: 05659124584
A6: 79524 | B6: Mai Hoàng Yến | C6: 20803 Linh Đan Station | D6: 06063664676
A7: 71223 | B7: Đặng Lập Nghiệp | C7: 39276 Kim Sơn Ramp | D7: 08596376642
A8: 82087 | B8: Mai Anh Khôi | C8: 53891 Lê Ridges | D8: 03667180197
A9: 87933 | B9: Trần Ngọc Trụ | C9: 9578 Trịnh Row | D9: 04011016527
A10: 25195 | B10: Lý Lan Phương | C10: 3103 Lâm Alley | D10: 05376633644
A11: 58518 | B11: Tô Quang Hà | C11: 8789 Hoa Tiên Dale | D11: 01055554210
A12: 19899 | B12: Hoàng Minh Khai | C12: 950 Thùy Mi Drive | D12: 04455318271
A13: 46167 | B13: Vương Yên Đan | C13: 4174 Phùng Courts | D13: 00398230442
... A2001: 91756 | B2001: Trương Chí Kiên | C2001: 955 Trường Vinh Circles | D2001: 02418955419

Sheet Loaihang
A1: MaLoaiHang | B1: TenLoaiHang | C1: MoTa
A2: TL001 | B2: Thực phẩm | C2: Đa dạng các loại đồ ăn tươi sống, đóng hộp, chế biến sẵn và đồ khô
A3: TL002 | B3: Mỹ phẩm | C3: Sản phẩm chăm sóc da, tóc, trang điểm và vệ sinh cá nhân
A4: TL003 | B4: Đồ công nghệ | C4: Các thiết bị điện tử như điện thoại, máy tính, tai nghe, và phụ kiện
A5: TL004 | B5: Đồ gia dụng | C5: Đồ dùng nhà bếp, thiết bị vệ sinh, và các vật dụng hàng ngày
A6: TL005 | B6: Đồ thời trang | C6: Quần áo, giày dép, phụ kiện cho nam, nữ
A7: TL006 | B7: Đồ trẻ em | C7: Đồ chơi, quần áo, và sản phẩm chăm sóc cho trẻ sơ sinh và trẻ nhỏ
A8: TL007 | B8: Đồ uống | C8: Nước ngọt, nước ép, rượu, bia và các loại thức uống đóng chai, lon
A9: TL008 | B9: Sản phẩm chăm sóc sức khỏe | C9: Sản phẩm chăm sóc sức khỏe như khẩu trang

Sheet Nhanvien
A1: MaNhanVien | B1: TenNhanVien | C1: ChucVu | D1: GioiTinh | E1: NgaySinh | F1: NgayBatDauLam | G1: DiaChi | H1: SDT
A2: NV001 | B2: Phạm Quang Triều | C2: Nhân viên giao hàng | D2: nữ | E2: 17/12/2000 | F2: 25/08/2020 | G2: 577 Hồ Court | H2: 01380246046
A3: NV002 | B3: Tô Quý Khánh | C3: Quản lý kho | D3: nữ | E3: 16/11/2004 | F3: 08/01/2023 | G3: 6546 Bùi Stravenue | H3: 06340229670
A4: NV003 | B4: Phùng Bá Thịnh | C4: Nhân viên bảo vệ | D4: nam | E4: 16/10/1994 | F4: 26/01/2023 | G4: 531 Kim Tuyến Landing | H4: 03201112670
A5: NV004 | B5: Nguyễn Hoa Tranh | C5: Nhân viên vệ sinh | D5: nữ | E5: 25/05/1999 | F5: 18/03/2024 | G5: 2783 Nhã Uyên Track | H5: 03689088285
A6: NV005 | B6: Tô Thiên Lương | C6: Nhân viên vận chuyển | D6: nữ | E6: 12/12/1997 | F6: 12/09/2023 | G6: 676 Đức Tuệ Meadows | H6: 08636145057
A7: NV006 | B7: Phan Minh Yến | C7: Nhân viên giao hàng | D7: nam | E7: 22/11/2001 | F7: 28/03/2021 | G7: 1166 Đào Dale | H7: 06353422352
A8: NV007 | B8: Vương Nguyên Hạnh | C8: Nhân viên hành chính | D8: nam | E8: 24/01/1995 | F8: 18/08/2019 | G8: 76426 Trần Centers | H8: 03262848232
A9: NV008 | B9: Lý Thiên Mạnh | C9: Nhân viên hành chính | D9: nữ | E9: 20/01/2000 | F9: 31/05/2019 | G9: 19014 Phùng Point | H9: 06324292471
A10: NV009 | B10: Đinh Gia Linh | C10: Trưởng phòng nhân sự | D10: nam | E10: 11/11/2000 | F10: 22/07/2023 | G10: 251 Hoàng Nam Course | H10: 07658466689
A11: NV010 | B11: Lê Đức Khải | C11: Nhân viên hỗ trợ kỹ thuật | D11: nữ | E11: 06/10/2002 | F11: 18/01/2021 | G11: 90749 Tuấn Việt Mills | H11: 00655334844
A12: NV011 | B12: Phùng Cam Thảo | C12: Quản lý khu vực | D12: nữ | E12: 02/06/2001 | F12: 29/04/2020 | G12: 21196 Hà Camp | H12: 07034575576
... A2001: NV2000 | B2001: Phùng Hải Thụy | C2001: Nhân viên nhập hàng | D2001: nữ | E2001: 26/09/1995 | F2001: 30/06/2020 | G2001: 67436 Hoàng Sa Inlet | H2001: 01640039138

Sheet NhaCC
A1: MaNCC | B1: TenNCC | C1: TenNguoiLienLac | D1: ChucDanh | E1: DiaChi | F1: SDT
A2: 3067 | B2: Trung tâm Phạm | C2: Trịnh Quảng Đạt | D2: Giám đốc vận hành | E2: 28033 Nguyễn Plaza | F2: 0848142885867
A3: 9297 | B3: Công ty Trương | C3: Lý Bích Vân | D3: Trưởng phòng logistics | E3: 659 Thanh Thủy Via | F3: 0846889867373
A4: 13996 | B4: Công ty Lâm | C4: Tô Hạ Băng | D4: Giám đốc vận hành | E4: 60309 Triều Nguyệt Ford | F4: 0848000309748
A5: 19323 | B5: Cửa hàng Phạm | C5: Hồ Hữu Hùng | D5: Giám đốc vận hành | E5: 4077 Phan Ford | F5: 0847609063810
A6: 20083 | B6: Công ty Ngô | C6: Đỗ Vân Nhi | D6: Trưởng phòng logistics | E6: 73495 Lê River | F6: 0846540859990
A7: 21432 | B7: Chi nhánh Phạm | C7: Đặng Hương Lan | D7: Giám đốc kinh doanh | E7: 2161 Như Ngọc Ville | F7: 0844979029880
A8: 22398 | B8: Cty Trịnh | C8: Nguyễn Thu Phượng | D8: Trưởng phòng kinh doanh | E8: 93040 Bùi Rue | F8: 0842164044821
A9: 23984 | B9: Cty TNHH Hà | C9: Phạm Tấn Nam | D9: Trưởng phòng kinh doanh | E9: 5233 Ngọc Mai Divide | F9: 0843945014293
A10: 24598 | B10: Chi nhánh Trịnh | C10: Trần Bảo Pháp | D10: Trưởng phòng kinh doanh | E10: 222 Gia Phong Flat | F10: 0842073506726
A11: 25320 | B11: Cửa hàng Bùi | C11: Dương Nam Phi | D11: Giám đốc kinh doanh | E11: 87555 Lê Alley | F11: 0844508848935
A12: 25735 | B12: Trung tâm Đặng | C12: Hồ Hữu Khoát | D12: Giám đốc kinh doanh | E12: 30907 Thu Hiền Drives | F12: 0845020699870
A13: 26953 | B13: Cty Trương | C13: Đỗ Diễm Chi | D13: Trưởng phòng kinh doanh | E13: 25225 Mai Fields | F13: 0842260666824
... A801: 999769 | B801: Cửa hàng Lê | C801: Đinh Bảo Uyên | D801: Giám đốc vận hành | E801: 4950 Lâm River | F801: 0848099422081

Sheet Sanpham
A1: MaSanPham | B1: TenSanPham | C1: MaNCC | D1: MaLoaiHang | E1: DonViTinh | F1: DonGia | G1: TonKho | H1: TrangThai
A2: SP001 | B2: Nước mắm | C2: 3067 | D2: TL001 | E2: chai | F2: 102072 | G2: 136 | H2: Có sẵn
A3: SP002 | B3: Tai nghe | C3: 9297 | D3: TL003 | E3: cái | F3: 13755230 | G3: 199 | H3: Có sẵn
A4: SP003 | B4: Tai nghe | C4: 13996 | D4: TL003 | E4: cái | F4: 21126614 | G4: 272 | H4: Hết hàng
A5: SP004 | B5: Bình sữa | C5: 19323 | D5: TL006 | E5: cái | F5: 144112 | G5: 86 | H5: Có sẵn
A6: SP005 | B6: Thịt gà | C6: 20083 | D6: TL001 | E6: kg | F6: 46788 | G6: 473 | H6: Có sẵn
A7: SP006 | B7: Son môi | C7: 21432 | D7: TL002 | E7: lọ | F7: 327809 | G7: 226 | H7: Có sẵn
A8: SP007 | B8: Tã giấy | C8: 22398 | D8: TL006 | E8: cái | F8: 457174 | G8: 493 | H8: Hết hàng
A9: SP008 | B9: Chuột máy tính | C9: 23984 | D9: TL003 | E9: cái | F9: 3897009 | G9: 124 | H9: Có sẵn
A10: SP009 | B10: Sữa bột | C10: 24598 | D10: TL006 | E10: cái | F10: 832510 | G10: 312 | H10: Có sẵn
A11: SP010 | B11: Nón | C11: 25320 | D11: TL005 | E11: cái | F11: 597980 | G11: 447 | H11: Hết hàng
A12: SP011 | B12: Giày thể thao | C12: 25735 | D12: TL005 | E12: cái | F12: 974197 | G12: 140 | H12: Có sẵn
A13: SP012 | B13: Nước mắm | C13: 26953 | D13: TL001 | E13: chai | F13: 104627 | G13: 497 | H13: Có sẵn
... A1001: SP1000 | B1001: Sữa tươi Vinamilk | C1001: 261090 | D1001: TL001 | E1001: hộp | F1001: 1178236 | G1001: 164 | H1001: Hết hàng

Sheet Hoadonban
A1: MaHDB | B1: MaKhachHang | C1: MaNhanVien | D1: MaChiNhanh | E1: NgayBan | F1: TongTien
A2: HD001 | B2: 53196 | C2: NV010 | D2: CN04 | E2: 44898 | F2: 430132
A3: HD002 | B3: 5431 | C3: NV018 | D3: CN07 | E3: 44899 | F3: 6605217
A4: HD003 | B4: 6914 | C4: NV029 | D4: CN11 | E4: 44900 | F4: 258261.3
A5: HD004 | B5: 66318 | C5: NV049 | D5: CN19 | E5: 44901 | F5: 242441420
A6: HD005 | B6: 99527 | C6: NV032 | D6: CN13 | E6: 44902 | F6: 19437266
A7: HD006 | B7: 44789 | C7: NV008 | D7: CN04 | E7: 44903 | F7: 10840591
A8: HD007 | B8: 92083 | C8: NV016 | D8: CN07 | E8: 44904 | F8: 2747649.6
A9: HD008 | B9: 18223 | C9: NV048 | D9: CN18 | E9: 44905 | F9: 5621032.2
A10: HD009 | B10: 30960 | C10: NV009 | D10: CN04 | E10: 44906 | F10: 280063.8
A11: HD010 | B11: 62238 | C11: NV004 | D11: CN03 | E11: 44907 | F11: 19758523
A12: HD011 | B12: 5777 | C12: NV011 | D12: CN04 | E12: 44908 | F12: 3605771.4
A13: HD012 | B13: 88815 | C13: NV047 | D13: CN18 | E13: 44909 | F13: 991903.5
... A1996: HD1995 | B1996: 93613 | C1996: NV008 | D1996: CN04 | E1996: 45565 | F1996: 2232614
A1997: HD1996 | B1997: 18116 | C1997: NV046 | D1997: CN20 | E1997: 31/6/2024 | F1997: 580845.6
A1998: HD1997 | B1998: 69982 | C1998: NV021 | D1998: CN08 | E1998: 31/6/2024 | F1998: 1200268.8
A1999: HD1998 | B1999: 60952 | C1999: NV028 | D1999: CN11 | E1999: 31/6/2024 | F1999: 12132350
A2000: HD1999 | B2000: 97636 | C2000: NV002 | D2000: CN02 | E2000: 31/6/2024 | F2000: 3362825.7
A2001: HD2000 | B2001: 41217 | C2001: NV021 | D2001: CN08 | E2001: 31/6/2024 | F2001: 1.5182981e+08

Sheet ChitietHDBan
A1: MaHDB | B1: MaSanPham | C1: SoLuong | D1: DonGia | E1: ChietKhau | F1: TongTien
A2: HD001 | B2: SP193 | C2: 2 | D2: =VLOOKUP(B2,Sanpham!$A$2:$F$301,6,1) -> 215066 | E2: 0 | F2: 430132
A3: HD002 | B3: SP249 | C3: 18 | D3: =VLOOKUP(B3,Sanpham!$A$2:$F$301,6,1) -> 386270 | E3: 0.05 | F3: 6605217
A4: HD003 | B4: SP084 | C4: 11 | D4: =VLOOKUP(B4,Sanpham!$A$2:$F$301,6,1) -> 24714 | E4: 0.05 | F4: 258261.3
A5: HD004 | B5: SP211 | C5: 50 | D5: =VLOOKUP(B5,Sanpham!$A$2:$F$301,6,1) -> 5704504 | E5: 0.15 | F5: 242441420
A6: HD005 | B6: SP270 | C6: 44 | D6: =VLOOKUP(B6,Sanpham!$A$2:$F$301,6,1) -> 519713 | E6: 0.15 | F6: 19437266
A7: HD006 | B7: SP073 | C7: 12 | D7: =VLOOKUP(B7,Sanpham!$A$2:$F$301,6,1) -> 950929 | E7: 0.05 | F7: 10840591
A8: HD007 | B8: SP145 | C8: 36 | D8: =VLOOKUP(B8,Sanpham!$A$2:$F$301,6,1) -> 84804 | E8: 0.1 | F8: 2747649.6
A9: HD008 | B9: SP254 | C9: 6 | D9: =VLOOKUP(B9,Sanpham!$A$2:$F$301,6,1) -> 986146 | E9: 0.05 | F9: 5621032.2
A10: HD009 | B10: SP152 | C10: 18 | D10: =VLOOKUP(B10,Sanpham!$A$2:$F$301,6,1) -> 16378 | E10: 0.05 | F10: 280063.8
A11: HD010 | B11: SP274 | C11: 15 | D11: =VLOOKUP(B11,Sanpham!$A$2:$F$301,6,1) -> 1386563 | E11: 0.05 | F11: 19758523
A12: HD011 | B12: SP179 | C12: 42 | D12: =VLOOKUP(B12,Sanpham!$A$2:$F$301,6,1) -> 101002 | E12: 0.15 | F12: 3605771.4
A13: HD012 | B13: SP049 | C13: 35 | D13: =VLOOKUP(B13,Sanpham!$A$2:$F$301,6,1) -> 31489 | E13: 0.1 | F13: 991903.5
... A2001: HD2000 | B2001: SP190 | C2001: 29 | D2001: =VLOOKUP(B2001,Sanpham!$A$2:$F$301,6,1) -> 5817234 | E2001: 0.1 | F2001: 1.5182981e+08

Sheet Chitietban
A1: MaHDB | B1: MaKhachHang | C1: MaNhanVien | D1: MaChiNhanh | E1: MaSanPham | F1: SoLuong | G1: DonGia | H1: ChietKhau | I1: NgayBan | J1: TongTien
A2: HD001 | B2: 53196 | C2: NV010 | D2: CN04 | E2: SP193 | F2: 2 | G2: =VLOOKUP(E2,Sanpham!$A$2:$F$301,6,1) -> 215066 | H2: 0 | I2: 44898 | J2: 430132
A3: HD002 | B3: 5431 | C3: NV018 | D3: CN07 | E3: SP249 | F3: 18 | G3: =VLOOKUP(E3,Sanpham!$A$2:$F$301,6,1) -> 386270 | H3: 0.05 | I3: 44899 | J3: 6605217
A4: HD003 | B4: 6914 | C4: NV029 | D4: CN11 | E4: SP084 | F4: 11 | G4: =VLOOKUP(E4,Sanpham!$A$2:$F$301,6,1) -> 24714 | H4: 0.05 | I4: 44900 | J4: 258261.3
A5: HD004 | B5: 66318 | C5: NV049 | D5: CN19 | E5: SP211 | F5: 50 | G5: =VLOOKUP(E5,Sanpham!$A$2:$F$301,6,1) -> 5704504 | H5: 0.15 | I5: 44901 | J5: 242441420
A6: HD005 | B6: 99527 | C6: NV032 | D6: CN13 | E6: SP270 | F6: 44 | G6: =VLOOKUP(E6,Sanpham!$A$2:$F$301,6,1) -> 519713 | H6: 0.15 | I6: 44902 | J6: 19437266
A7: HD006 | B7: 44789 | C7: NV008 | D7: CN04 | E7: SP073 | F7: 12 | G7: =VLOOKUP(E7,Sanpham!$A$2:$F$301,6,1) -> 950929 | H7: 0.05 | I7: 44903 | J7: 10840591
A8: HD007 | B8: 92083 | C8: NV016 | D8: CN07 | E8: SP145 | F8: 36 | G8: =VLOOKUP(E8,Sanpham!$A$2:$F$301,6,1) -> 84804 | H8: 0.1 | I8: 44904 | J8: 2747649.6
A9: HD008 | B9: 18223 | C9: NV048 | D9: CN18 | E9: SP254 | F9: 6 | G9: =VLOOKUP(E9,Sanpham!$A$2:$F$301,6,1) -> 986146 | H9: 0.05 | I9: 44905 | J9: 5621032.2
A10: HD009 | B10: 30960 | C10: NV009 | D10: CN04 | E10: SP152 | F10: 18 | G10: =VLOOKUP(E10,Sanpham!$A$2:$F$301,6,1) -> 16378 | H10: 0.05 | I10: 44906 | J10: 280063.8
A11: HD010 | B11: 62238 | C11: NV004 | D11: CN03 | E11: SP274 | F11: 15 | G11: =VLOOKUP(E11,Sanpham!$A$2:$F$301,6,1) -> 1386563 | H11: 0.05 | I11: 44907 | J11: 19758523
A12: HD011 | B12: 5777 | C12: NV011 | D12: CN04 | E12: SP179 | F12: 42 | G12: =VLOOKUP(E12,Sanpham!$A$2:$F$301,6,1) -> 101002 | H12: 0.15 | I12: 44908 | J12: 3605771.4
A13: HD012 | B13: 88815 | C13: NV047 | D13: CN18 | E13: SP049 | F13: 35 | G13: =VLOOKUP(E13,Sanpham!$A$2:$F$301,6,1) -> 31489 | H13: 0.1 | I13: 44909 | J13: 991903.5
... A1996: HD1995 | B1996: 93613 | C1996: NV008 | D1996: CN04 | E1996: SP128 | F1996: 10 | G1996: =VLOOKUP(E1996,Sanpham!$A$2:$F$301,6,1) -> 235012 | H1996: 0.05 | I1996: 45565 | J1996: 2232614
A1997: HD1996 | B1997: 18116 | C1997: NV046 | D1997: CN20 | E1997: SP022 | F1997: 24 | G1997: =VLOOKUP(E1997,Sanpham!$A$2:$F$301,6,1) -> 26891 | H1997: 0.1 | I1997: 31/6/2024 | J1997: 580845.6
A1998: HD1997 | B1998: 69982 | C1998: NV021 | D1998: CN08 | E1998: SP088 | F1998: 23 | G1998: =VLOOKUP(E1998,Sanpham!$A$2:$F$301,6,1) -> 57984 | H1998: 0.1 | I1998: 31/6/2024 | J1998: 1200268.8
A1999: HD1998 | B1999: 60952 | C1999: NV028 | D1999: CN11 | E1999: SP113 | F1999: 15 | G1999: =VLOOKUP(E1999,Sanpham!$A$2:$F$301,6,1) -> 851393 | H1999: 0.05 | I1999: 31/6/2024 | J1999: 12132350
A2000: HD1999 | B2000: 97636 | C2000: NV002 | D2000: CN02 | E2000: SP139 | F2000: 39 | G2000: =VLOOKUP(E2000,Sanpham!$A$2:$F$301,6,1) -> 95807 | H2000: 0.1 | I2000: 31/6/2024 | J2000: 3362825.7
A2001: HD2000 | B2001: 41217 | C2001: NV021 | D2001: CN08 | E2001: SP190 | F2001: 29 | G2001: =VLOOKUP(E2001,Sanpham!$A$2:$F$301,6,1) -> 5817234 | H2001: 0.1 | I2001: 31/6/2024 | J2001: 1.5182981e+08

Sheet Hoadonnhap
A1: MaHDN | B1: MaNhanVien | C1: MaNCC | D1: NgayNhap | E1: TongTien
A2: HDN001 | B2: NV012 | C2: 3067 | D2: 44927 | E2: 73875262
A3: HDN002 | B3: NV033 | C3: 9297 | D3: 44927 | E3: 6.9252247e+08
A4: HDN003 | B4: NV013 | C4: 13996 | D4: 44927 | E4: 1.7207271e+08
A5: HDN004 | B5: NV022 | C5: 19323 | D5: 44928 | E5: 18659601
A6: HDN005 | B6: NV013 | C6: 20083 | D6: 44928 | E6: 234300600
A7: HDN006 | B7: NV045 | C7: 21432 | D7: 44928 | E7: 2.3449909e+08
A8: HDN007 | B8: NV029 | C8: 22398 | D8: 44929 | E8: 523921.5
A9: HDN008 | B9: NV041 | C9: 23984 | D9: 44929 | E9: 5.2231697e+08
A10: HDN009 | B10: NV049 | C10: 24598 | D10: 44929 | E10: 6.4608032e+08
A11: HDN010 | B11: NV050 | C11: 25320 | D11: 44930 | E11: 11514069
A12: HDN011 | B12: NV045 | C12: 25735 | D12: 44930 | E12: 5396477.4
A13: HDN012 | B13: NV022 | C13: 26953 | D13: 44930 | E13: 34504927
... A1998: HDN1997 | B1998: NV046 | C1998: 501127 | D1998: 45565 | E1998: 1.0123656e+08
A1999: HDN1998 | B1999: NV018 | C1999: 501145 | D1999: 29/2/2023 | E1999: 2.8400327e+08
A2000: HDN1999 | B2000: NV043 | C2000: 504352 | D2000: 31/6/2024 | E2000: 3.8460091e+08
A2001: HDN2000 | B2001: NV043 | C2001: 504565 | D2001: 31/9/2024 | E2001: 2.6054626e+08

Sheet ChitietHDnhap
A1: MaHDN | B1: MaSanPham | C1: SoLuong | D1: DonGia | E1: TongTien
A2: HDN001 | B2: SP025 | C2: 168 | D2: 439733.7 | E2: =C2*D2 -> 73875262
A3: HDN002 | B3: SP188 | C3: 429 | D3: 1614271.5 | E3: =C3*D3 -> 6.9252247e+08
A4: HDN003 | B4: SP092 | C4: 126 | D4: 1365656.4 | E4: =C4*D4 -> 1.7207271e+08
A5: HDN004 | B5: SP063 | C5: 230 | D5: 81128.7 | E5: =C5*D5 -> 18659601
A6: HDN005 | B6: SP069 | C6: 405 | D6: 578520 | E6: =C6*D6 -> 234300600
A7: HDN006 | B7: SP073 | C7: 274 | D7: 855836.1 | E7: =C7*D7 -> 2.3449909e+08
A8: HDN007 | B8: SP038 | C8: 15 | D8: 34928.1 | E8: =C8*D8 -> 523921.5
A9: HDN008 | B9: SP089 | C9: 448 | D9: 1165886.1 | E9: =C9*D9 -> 5.2231697e+08
A10: HDN009 | B10: SP213 | C10: 457 | D10: 1413742.5 | E10: =C10*D10 -> 6.4608032e+08
A11: HDN010 | B11: SP186 | C11: 490 | D11: 23498.1 | E11: =C11*D11 -> 11514069
A12: HDN011 | B12: SP028 | C12: 166 | D12: 32508.9 | E12: =C12*D12 -> 5396477.4
A13: HDN012 | B13: SP261 | C13: 401 | D13: 86047.2 | E13: =C13*D13 -> 34504927
... A2001: HDN2000 | B2001: SP115 | C2001: 276 | D2001: 944008.2 | E2001: =C2001*D2001 -> 2.6054626e+08

Sheet Chitietnhap
A1: MaHDN | B1: MaNhanVien | C1: MaNCC | D1: MaSanPham | E1: SoLuong | F1: DonGia | G1: NgayNhap | H1: TongTien
A2: HDN001 | B2: NV012 | C2: 3067 | D2: SP025 | E2: 168 | F2: 439733.7 | G2: 44927 | H2: =E2*F2 -> 73875262
A3: HDN002 | B3: NV033 | C3: 9297 | D3: SP188 | E3: 429 | F3: 1614271.5 | G3: 44927 | H3: =E3*F3 -> 6.9252247e+08
A4: HDN003 | B4: NV013 | C4: 13996 | D4: SP092 | E4: 126 | F4: 1365656.4 | G4: 44927 | H4: =E4*F4 -> 1.7207271e+08
A5: HDN004 | B5: NV022 | C5: 19323 | D5: SP063 | E5: 230 | F5: 81128.7 | G5: 44928 | H5: =E5*F5 -> 18659601
A6: HDN005 | B6: NV013 | C6: 20083 | D6: SP069 | E6: 405 | F6: 578520 | G6: 44928 | H6: =E6*F6 -> 234300600
A7: HDN006 | B7: NV045 | C7: 21432 | D7: SP073 | E7: 274 | F7: 855836.1 | G7: 44928 | H7: =E7*F7 -> 2.3449909e+08
A8: HDN007 | B8: NV029 | C8: 22398 | D8: SP038 | E8: 15 | F8: 34928.1 | G8: 44929 | H8: =E8*F8 -> 523921.5
A9: HDN008 | B9: NV041 | C9: 23984 | D9: SP089 | E9: 448 | F9: 1165886.1 | G9: 44929 | H9: =E9*F9 -> 5.2231697e+08
A10: HDN009 | B10: NV049 | C10: 24598 | D10: SP213 | E10: 457 | F10: 1413742.5 | G10: 44929 | H10: =E10*F10 -> 6.4608032e+08
A11: HDN010 | B11: NV050 | C11: 25320 | D11: SP186 | E11: 490 | F11: 23498.1 | G11: 44930 | H11: =E11*F11 -> 11514069
A12: HDN011 | B12: NV045 | C12: 25735 | D12: SP028 | E12: 166 | F12: 32508.9 | G12: 44930 | H12: =E12*F12 -> 5396477.4
A13: HDN012 | B13: NV022 | C13: 26953 | D13: SP261 | E13: 401 | F13: 86047.2 | G13: 44930 | H13: =E13*F13 -> 34504927
... A1998: HDN1997 | B1998: NV046 | C1998: 501127 | D1998: SP268 | E1998: 115 | F1998: 880317.9 | G1998: 45565 | H1998: =E1998*F1998 -> 1.0123656e+08
A1999: HDN1998 | B1999: NV018 | C1999: 501145 | D1999: SP163 | E1999: 254 | F1999: 1118123.1 | G1999: 29/2/2023 | H1999: =E1999*F1999 -> 2.8400327e+08
A2000: HDN1999 | B2000: NV043 | C2000: 504352 | D2000: SP109 | E2000: 344 | F2000: 1118025.9 | G2000: 31/6/2024 | H2000: =E2000*F2000 -> 3.8460091e+08
A2001: HDN2000 | B2001: NV043 | C2001: 504565 | D2001: SP115 | E2001: 276 | F2001: 944008.2 | G2001: 31/9/2024 | H2001: =E2001*F2001 -> 2.6054626e+08
